{
  "project_info": {
    "project_number": "347121579647",
    "project_id": "investorfinder-11d66",
    "storage_bucket": "investorfinder-11d66.appspot.com"
  },
  "client": [
    {
      "client_info": {
        "mobilesdk_app_id": "1:347121579647:android:622ce186c8723511a8314a",
        "android_client_info": {
          "package_name": "com.example.investor"
        }
      },
      "oauth_client": [],
      "api_key": [
        {
          "current_key": "AIzaSyDRtgWzfItJLThnrbXS0WDx2LIP7uhK5iU"
        }
      ],
      "services": {
        "appinvite_service": {
          "other_platform_oauth_client": []
        }
      }
    }
  ],
  "configuration_version": "1"
}